score	date	arxiv	peer_reviewed	journal_ref	doi	title
10	2026-07-01	2607.00398	yes	In Proceedings of the 32nd ACM SIGKDD Conference on Knowledge Discovery and Data Mining V.2 (KDD '26), August 09-13, 2026, Jeju Island, Republic of Korea	10.1145/3770855.3818932	Holographic Quantum Transformer: A Generalist Neuro-Symbolic Architecture for Solving Frustrated Systems via Generative Attention
10	2025-06-10	2506.08329	yes	Phys. Rev. B 113, 085134 (2026)	10.1103/x8vl-qf14	Neuralized Fermionic Tensor Networks for Quantum Many-Body Systems
10	2025-05-06	2505.03466	yes	Phys. Rev. Research 7, 043099 (2025)	10.1103/ybgv-35jm	Design principles of deep translationally-symmetric neural quantum states for frustrated magnets
9	2025-10-06	2510.04907	yes	Phys. Rev. B 113, 045117 (2026)	10.1103/g5gm-tzf8	Variational optimization of projected entangled-pair states on the triangular lattice
8	2026-08-12	2608.12465	no			Superconductivity in the $t$-$t'$ Hubbard Model from Symmetry-Preserving Neural-Network Quantum States
8	2026-05-21	2605.28861	no			Comment on "Spin-1/2 Kagome Heisenberg Antiferromagnet: Machine Learning Discovery of the Spinon Pair-Density-Wave Ground State"
8	2026-04-28	2604.25775	no			Pareto Frontier of Neural Quantum States: Scalable, Affordable, and Accurate Convolutional Backflow for Strongly Correlated Lattice Fermions
8	2026-04-23	2604.21978	no			Beyond Variational Bias: Resolving Intertwined Orders in the Hubbard Model
8	2025-10-30	2510.26906	no			Enhancing Neural Network Backflow
8	2025-10-13	2510.11710	yes	Phys. Rev. B 113, 245104, 2026	10.1103/s3kd-bc4q	Comparing Symmetrized Determinant Neural Quantum States for the Hubbard Model
8	2025-06-02	2506.01891	no			Probing Quantum Spin Systems with Kolmogorov-Arnold Neural Network Quantum States
7	2025-12-16	2512.14414	yes	Phys. Rev. B 113, 155127 (2026)	10.1103/cb6p-w59b	Single-layer framework of variational tensor network states
7	2025-02-19	2502.13454	yes	Phys. Rev. Lett. 134, 256502 (2025), Editor's Suggestion	10.1103/r4q9-4yvj	Accurate Simulation of the Hubbard Model with Finite Fermionic Projected Entangled Pair States
6	2026-09-08	2609.08453	no			The Forgotten History of Wave Function Variance Optimization and its Relevance for Neural-Network VMC
6	2026-08-16	2608.15806	no			Longitudinal-Field-Driven Transition in a non-integrable Non-Hermitian Transverse-Field Ising Chain via RBMs
6	2026-08-14	2608.14476	no			A Fixed Universal Determinant is Variationally Complete for Continuum Fermions
6	2026-07-21	2607.18865	no			Enhanced Neural Quantum State via Annealed Gradient Descent
6	2026-05-08	2605.07779	no			Neural network quantum states in the grand canonical ensemble
6	2026-03-15	2603.14425	no			Disentangling Tensor Network States with Deep Neural Network
6	2025-06-27	2506.22414	yes	Phys. Rev. Lett. 135, 236504 (2025)	10.1103/t25p-x319	Spin Seebeck Effect of Triangular-lattice Spin Supersolid
6	2025-06-14	2506.12391	no			Simulating the Antiferromagnetic Heisenberg Model on a Spin-Frustrated Kagome Lattice with the Contextual Subspace Variational Quantum Eigensolver
6	2025-02-24	2502.17144	no			Leveraging recurrence in neural network wavefunctions for large-scale simulations of Heisenberg antiferromagnets on the square lattice
5	2026-08-18	2608.18065	no			Quantum Geometric Tensor Preconditioning for Stable Training of Recurrent Neural Quantum States
5	2026-08-11	2608.10365	no			Symmetrized Block-Product Periodic Marginals in Infinite Translation-Invariant Quantum Chains
5	2026-06-15	2606.17045	no			Compact Spin-Charge Separated Neural Quantum States for Valence-Bond States
5	2026-06-01	2606.02794	no			Scaling Laws for Neural-Network Quantum States
5	2026-05-29	2605.30944	yes	Physics Letters B 881 (2026) 140911	10.1016/j.physletb.2026.140911	Neural-network excited states of $A=4$ nuclei and hypernuclei
5	2026-02-20	2602.18213	yes	AIP Advances 16, 025031 (2026)	10.1063/9.0001056	Machine-learning force-field models for dynamical simulations of metallic magnets
5	2026-02-06	2602.06387	yes	Physical Review B 113, 064401 (2026)	10.1103/6j4z-3qbx	Fermionic Approach to Elementary Excitations and Magnetization Plateaus in an S=1/2 XX Hybrid Trimer-Dimer Chain
5	2026-02-02	2602.02665	no			Approaching the Thermodynamic Limit with Neural-Network Quantum States
5	2026-01-29	2601.21310	yes	J. Chem. Theory Comput. 22, 6497-6509 (2026)	10.1021/acs.jctc.6c00445	A Deterministic Framework for Neural Network Quantum States in Quantum Chemistry
5	2026-01-12	2601.07800	no			Rigorous Anderson-type lower bounds on the ground-state energy of the pyrochlore Heisenberg antiferromagnet
5	2025-12-09	2512.08624	no			Operator Lanczos Approach enabling Neural Quantum States as Real-Frequency Impurity Solvers
5	2025-11-24	2511.19340	yes	Phys. Rev. Research 8, 023311 (2026)	10.1103/x4gs-g63p	Simulating dynamics of the two-dimensional transverse-field Ising model: a comparative study of large-scale classical numerics
5	2025-09-02	2509.02658	no			Simultaneous approximation of multiple degenerate states using a single neural network quantum state
5	2025-07-14	2507.10705	no			Neural Network-Augmented Pfaffian Wave-functions for Scalable Simulations of Interacting Fermions
5	2025-07-10	2507.08073	yes	Phys. Rev. B 112, L161115 (2025)	10.1103/jfxt-9r1c	Partial suppression of magnetism in the square lattice SU(3) Hubbard model
5	2025-07-03	2507.02644	no			Solving the Hubbard model with Neural Quantum States
5	2025-07-02	2507.01856	no		10.1103/dqc7-zsvc	Investigating the Fermi-Hubbard model by the tensor-backflow method
5	2025-06-12	2506.11222	yes	Phys. Rev. Research 7, 043291 (2025)	10.1103/q8p7-k7ms	Many-Body Neural Network Wavefunction for a Non-Hermitian Ising Chain
5	2025-06-02	2506.01915	yes	Phys. Rev. Lett. 137, 040401 (2026)	10.1103/x68w-lwvv	Magnetic correlations in the $SU(3)$ triangular-lattice $t$-$J$ model at finite doping
4	2026-08-24	2608.22925	no			Importance-Reweighted Fock-Space Variational Monte Carlo
4	2026-08-13	2608.13238	yes	Rep. Prog. Phys. 89 (2026) 080503	10.1088/1361-6633/ae921b	Emergent Symmetry-Protected Topological Phases via Polyakov Confinement in Quantum Spin Systems
4	2026-07-02	2607.02292	no			One More Time: Revisiting Neural Quantum States from a Reinforcement Learning Perspective
4	2026-04-13	2604.11880	yes	Rep. Prog. Phys. 89, 078003 (2026)	10.1088/1361-6633/ae8572	Classification and correlation signatures of chiral spin liquids on the pyrochlore lattice
4	2026-01-05	2601.02555	yes	Phys. Rev. B 113, 214415 (2026)	10.1103/pvl4-vxzx	Influence of controlled disorder on the dipolar spin ice state of Ho-based pyrochlores
4	2025-11-10	2511.06623	yes	Phys. Rev. Research 8, 023358 (2026)	10.1103/sdpn-s42c	Quantum algorithm for one-quasiparticle excitations in the thermodynamic limit via cluster-additive block diagonalization
4	2025-08-26	2508.19248	yes	Materials Today Physics 67 (2026) 102169	10.1016/j.mtphys.2026.102169	Disorder-induced proximate quantum spin ice phase in Pr2Sn2O7
4	2025-08-22	2508.16720	yes	Phys. Rev. B 113, 174528, 22 May, 2026	10.1103/wftz-1syr	Searching for superconductivity in doped triangular lattice Kitaev magnets
4	2025-08-18	2508.13314	yes	Physical Review B 113, 035135 (2026)	10.1103/xknq-czll	Engineering Hubbard models with gated two-dimensional moiré systems
4	2025-07-14	2507.10471	yes	SciPost Phys. 20, 121 (2026)	10.21468/SciPostPhys.20.4.121	Resonating Valence Bond Ground States on Corner-sharing Simplices
4	2025-07-14	2507.10835	no			Functional Neural Wavefunction Optimization
4	2025-07-07	2507.05061	yes	Phys. Rev. B (Letter), 113, L100404 (2026)	10.1103/w6j5-ljfj	Spin liquid state in a three-dimensional pyrochlore-like frustrated magnet
4	2025-05-23	2505.18250	yes	Phys. Rev. B 112, 195109 (2025)	10.1103/g5zf-hrb5	Quantum Spin Liquids in Pyrochlore Magnets With Non-Kramers Local Moments
4	2025-05-21	2505.15677	yes	Phys. Rev. B 112, 144437 (2025)	10.1103/xrmm-vr6m	Coupling quantum spin ice to matter on the centered pyrochlore lattice
4	2025-05-01	2505.00767	yes	Phys. Rev. B 112, 165110 (2025)	10.1103/gyf7-nm5v	Anisotropic Spin Ice on a Breathing Pyrochlore Lattice
4	2025-03-18	2503.14131	yes	Phys. Rev. B 111, 235154 (2025)	10.1103/ksdp-p4pm	Spinor ice correlation in flat-band electronic states on kagome and pyrochlore lattices with spin-orbit coupling
4	2025-03-12	2503.09695	yes	Phys. Rev. B 111, 214410 Published 4 June, 2025	10.1103/PhysRevB.111.214410	Modified large-$N$ approach to gapless spin liquids, magnetic orders, and dynamics: Application to triangular lattice antiferromagnets
4	2025-03-07	2503.05353	yes	Phys. Rev. B 111, 214444 (2025)	10.1103/5rsg-2klm	Field-induced Multi-$\boldsymbol{\vec{Q}}$ States in a Pyrochlore Heisenberg Magnet
4	2025-02-19	2502.14091	yes	Phys. Rev. Lett. 136, 186701 (2026)	10.1103/67xm-5d8v	Quantum spin liquid phase in the Shastry-Sutherland model revealed by high-precision infinite projected entangled-pair states
4	2025-02-18	2502.13223	yes	Phys. Rev. B 112, 224415 (2025)	10.1103/3nfx-fkfg	Triangular lattice models of the Kalmeyer-Laughlin spin liquid from coupled wires
4	2025-01-25	2501.15350	yes	Journal of the American Chemical Society 147, 5693-5702 (2025)	10.1021/jacs.4c13166	Pyrochlore NaYbO2: A potential Quantum Spin Liquid Candidate
4	2025-01-14	2501.08327	yes	Physical Review Letters 135, 086702 (2025)	10.1103/4qxy-l8pg	Two-Peak Heat Capacity Accounts for $R\ln(2)$ Entropy and Ground State Access in the Dipole-Octupole Pyrochlore Ce$_2$Hf$_2$O$_7$
3	2026-09-10	2609.11745	no			Unraveling the Kagome Antiferromagnetic $3J$ Model and Its Materials: An Integrated Approach
3	2026-09-07	2609.07645	no			Geometric inflation of deviations challenges neural quantum states in dynamics of quantum Ising models
3	2026-09-06	2609.06672	no			Efficient Representation of multicategorical local Hilbert spaces: nonlinear Restricted Boltzmann Machines to Kolmogorov-Arnold Networks
3	2026-08-27	2609.02929	no			Scaling Neural Network Quantum States for Ab Initio Quantum Chemistry
3	2026-08-26	2608.26347	no			Dynamical signatures of deconfined spinons in dimerized sawtooth chains
3	2026-08-21	2608.21291	no			Neural quantum states in condensed matter: advances, best practices, and prospects
3	2026-08-09	2608.08798	no			Symmetry Constraints Regularize Neural Quantum State Learning
3	2026-08-05	2608.04979	no			Delocalized Coupled-Cluster Theory for Polaron Structure and Dynamics
3	2026-08-03	2608.02727	no			Spin-charge separation in the triangular-lattice Hofstadter-Hubbard model
3	2026-08-03	2608.02753	no			Large scale neural quantum states reveal the interplay between superconductivity and quantum criticality in the Hofstadter-Hubbard model
3	2026-07-31	2608.00178	no			Neural Quantum States for Nuclear Magnetic Resonance Spectroscopy
3	2026-07-24	2607.22522	no			Exact Neural-Network Representations of the Motzkin States
3	2026-07-22	2607.20623	no			Learning the closest Slater determinant
3	2026-07-16	2607.14875	no			Optimization dynamics of Transformer backflow neural quantum states for the two-dimensional Hubbard model
3	2026-07-15	2607.13781	no			jQMC: A JAX-based ab initio quantum Monte Carlo package designed for GPU-accelerated computing
3	2026-06-25	2606.26760	no			An Iterative Dual-Channel Neural Quantum State Algorithm for Selected Configuration Interaction
3	2026-06-24	2606.25600	no			Two-dimensional Hyperbolic RNN Neural Quantum State
3	2026-06-21	2606.22644	no			Neural Polaron: Learning Quasiparticle Operators in Quantum Many-Body Systems
3	2026-06-16	2606.18339	no			Ground state preparation of random all-to-all Hamiltonians using ADAPT-VQE
3	2026-06-12	2606.14352	no			Modeling light-matter coupled systems with neural quantum states
3	2026-06-11	2606.13912	no			Low-variance estimators overcome the phase-gradient bottleneck in complex-valued neural quantum states
3	2026-06-05	2606.07825	no			Projected Inverse Iteration: An Eigenvalue Approach to Ground-State Computation with Neural Quantum States
3	2026-06-03	2606.05293	no			Thermalization Dynamics in the Two-Dimensional Hubbard Model with Neural-Network Quantum States
3	2026-05-27	2605.28599	no			Thermodynamic-limit dispersion relations on trapped-ion quantum hardware
3	2026-05-20	2605.21585	no			Robust fluctuating intertwined charge stripes in the Emery model
3	2026-05-15	2605.15899	no			Solving Classical and Quantum Spin Glasses with Deep Boltzmann Quantum States
3	2026-05-13	2605.13807	no			Parallel Scan Recurrent Neural Quantum States for Scalable Variational Monte Carlo
3	2026-05-08	2605.07685	no			Ground states of quantum XY dipoles on the Archimedean lattices
3	2026-04-20	2604.18357	no			Momentum Stability and Adaptive Control in Stochastic Reconfiguration
3	2026-04-17	2604.15768	no			A Fully GPU-Accelerated Framework for High-Performance Configuration Interaction Selection with Neural Network Quantum States
3	2026-04-08	2604.06741	no			Projector, Neural, and Tensor-Network Representations of $\mathbb{Z}_N$ Cluster and Dipolar-cluster SPT States
3	2026-04-06	2604.05032	no			Real-time Dynamics in 3D for up to 1000 Qubits with Neural Quantum States: Quenches and the Quantum Kibble--Zurek Mechanism
3	2026-03-25	2603.23887	no			Predicting quantum ground-state energy by data-driven Koopman analysis of variational parameter nonlinear dynamics
3	2026-03-16	2603.14775	no			Neural network backflow for ab-initio solid calculations
3	2026-03-11	2603.11189	no			DysonNet: Constant-Time Local Updates for Neural Quantum States
3	2026-03-09	2603.08081	no			Simulating non-Markovian open quantum dynamics by exploiting physics-informed neural network
3	2026-02-03	2602.03031	no			Physics-inspired transformer quantum states via latent imaginary-time evolution
3	2026-01-21	2601.15169	no		10.1063/5.0323271	Assessing Orbital Optimization in Variational and Diffusion Monte Carlo
3	2025-11-25	2511.20388	no			Resource assessment of classical and quantum hardware for post-quench dynamics
3	2025-11-10	2511.07566	no			Superconductivity in the two-dimensional Hubbard model revealed by neural quantum states
3	2025-10-02	2510.02051	no		10.1103/fqxr-r8vw	Improving neural network performance for solving quantum sign structure
3	2025-09-29	2509.24865	no			Quantum Dynamics with Time-Dependent Neural Quantum States
3	2025-09-15	2509.12431	no			Neural-Quantum-States Impurity Solver for Quantum Embedding Problems
3	2025-06-30	2506.23550	yes	Phys. Rev. B 112, 155163 (2025)	10.1103/3rq4-2m5k	Seeding neural network quantum states with tensor network states
3	2025-06-04	2506.04401	no			Normalize Filters! Classical Wisdom for Deep Vision
3	2025-05-26	2505.20406	no			Leveraging recurrence in neural network wavefunctions for large-scale simulations of Heisenberg antiferromagnets on the triangular lattice
3	2025-03-26	2503.20122	no			Deconfined Gapless phases and criticalities in Shastry-Sutherland Antiferromagnet
3	2025-03-16	2503.12557	yes	Phys. Rev. B 111, 195120 (2025)	10.1103/PhysRevB.111.195120	Efficient optimization and conceptual barriers in variational finite Projected Entangled-Pair States
2	2026-08-06	2608.06504	no			Excitonic Magnetism in Ruthenium Pyrochlores
2	2026-08-03	2608.02473	no			Optimized Tensor-Network Renormalization for Quantum Dynamics: Resolving the Spectral Function of $\mathrm{K_2Co(SeO_3)_2}$
2	2026-07-24	2607.22863	no			Universal scaling framework for parameterized quantum evolutions at criticality
2	2026-07-16	2607.14766	no			Emergence of a monopole phase in the $J_1{-}J_2$ Heisenberg model on the triangular lattice for small magnetic fields
2	2026-07-14	2607.12925	no			Microscopic Spin-1 Parent Hamiltonians for Emergent Valence-Bond Loop Manifolds
2	2026-07-14	2607.12274	no			Zero-Field Long Range Order at $T \sim 40$ mK in the Proximate Quantum Spin Ice Ce$_2$Sn$_2$O$_7$ and Phase Diagram for Magnetic Fields Along [1,1,0]
2	2026-06-15	2606.16875	no		10.1103/7tlr-cmqq	Spin-orbit-entangled $J_{\rm eff}=\frac{1}{2}$ magnetism and unconventional spin freezing in the bond-disordered pyrochlore antiferromagnet NaCdCo$_2$F$_7$
2	2026-05-22	2605.24119	no			Signature of spin liquid state in a frustrated 3D antiferromagnet
2	2026-05-07	2605.06327	no			Measuring Evaluation-Context Divergence in Open-Weight LLMs: A Paired-Prompt Protocol with Pilot Evidence of Alignment-Pipeline-Specific Heterogeneity
2	2026-04-14	2604.12638	no			Exact tunneling splittings of rotationally excited states from symmetrized path-integral molecular dynamics
2	2026-04-04	2604.03737	no			Cascade of Spin Liquids in a Bilayer Triangular-lattice Antiferromagnet Rb_2Co_2(SeO_3)_3
2	2026-03-30	2603.28871	no			Fractionalization from Kinetic Frustration in Doped Two-Dimensional SU(4) Quantum Magnets
2	2026-03-30	2603.28486	no			Emergent-Coupling-Based Ansatz Evaluated on a Superconducting Quantum Processor
2	2026-03-12	2603.12313	no			Fracton Spin Liquid and Exotic Frustrated Phases in Ising-like Octochlore Magnets
2	2026-03-06	2603.06306	no			Spin-Orbit Induced Non-Adiabatic Dynamics: An Exact $Ω$-Representation
2	2026-02-07	2602.07522	yes	Entropy 2026, 28(3), 296	10.3390/e28030296	Systematic Characterization of Transmon Qubit Stability with Thermal Cycling
2	2026-02-05	2602.05901	no			Spontaneous Parity Breaking in Quantum Antiferromagnets on the Triangular Lattice
2	2025-12-25	2512.21503	no			Thermodynamic-Limit Evidence for Chiral Superconductivity Induced by Doping Chiral Topological Phases
2	2025-12-09	2512.08768	no			Triangular $J_1$-$J_2$ Heisenberg Antiferromagnet in a Magnetic Field
2	2025-11-19	2511.15678	no			Intrinsic quantum disorder in Yb2Ti2O7 and the quantum S=1/2 pyrochlore phase diagram
2	2025-11-17	2511.13978	yes	Journal of Magnetism and Magnetic Materials Volume 637, 1 January 2026, 173687	10.1016/j.jmmm.2025.173687	Spin-singlet dimer phase in a frustrated square lattice under a magnetic field
2	2025-10-27	2510.23704	no			Exact nematic and mixed magnetic phases driven by competing orders on the pyrochlore lattice
2	2025-09-24	2509.20199	no		10.1103/rw5c-491w	Random singlet physics in the $S = \frac{1}{2}$ pyrochlore antiferromagnet NaCdCu$_2$F$_7$
2	2025-09-17	2509.13746	no			Closely competing valence bond crystal orders in the ground state of the spin-$\frac{1}{2}$ antiferromagnetic Heisenberg model on the pyrochlore lattice: a large scale unrestricted variational study
2	2025-09-11	2509.09189	no			Signatures of field-induced multi-color kagome spin liquids in the dipole-octupole pyrochlore $\mathrm{Ce_2Hf_2O_7}$
2	2025-07-18	2507.13877	no			Exact ground state on the 3D analogue of the Shastry-Sutherland model
2	2025-06-10	2506.08908	no			SkipVAR: Accelerating Visual Autoregressive Modeling via Adaptive Frequency-Aware Skipping
2	2025-05-19	2505.13352	no		10.1103/zyzg-n24y	Enhanced-Entropy Phases in Geometrically Frustrated Pyrochlore Magnets
2	2025-05-14	2505.09762	no			Unconventional polaronic ground state in superconducting LiTi$_2$O$_4$
2	2025-05-11	2505.06798	no			Autoregressive pairwise Graphical Models efficiently find ground state representations of stoquastic Hamiltonians
2	2025-03-31	2503.23704	no			Paramagnetic half-moon shaped diffuse scattering arising from 3D magnetic frustration
1	2026-09-03	2609.05556	no			Kibble-Zurek Dynamics in Two-dimensional Frustrated Systems with a Neural Foundation-state Subspace Method
1	2026-06-29	2606.30464	no			NQS-Agent: Health-Aware Agentic Hyperparameter Optimization for Neural-Network Quantum States
1	2026-03-18	2603.18148	no			Removing nodal and support-mismatch pathologies in Variational Monte Carlo via blurred sampling
1	2026-02-25	2602.21468	no			Unsupervised Discovery of Intermediate Phase Order in the Frustrated $J_1$-$J_2$ Heisenberg Model via Prometheus Framework
1	2026-01-11	2601.06939	no			Essentially No Energy Barrier Between Independent Fermionic Neural Quantum State Minima
1	2025-12-07	2512.06768	no			Real-Time Dynamics in Two Dimensions with Tensor Network States via Time-Dependent Variational Monte Carlo
1	2025-12-05	2512.05749	no			Stochastic Reconfiguration with Warm-Started SVD
1	2025-09-16	2509.12679	no			Large Language Model Scaling Laws for Neural Quantum States in Quantum Chemistry
1	2025-08-01	2508.01072	no		10.1103/3kk2-3fsj	Biorthogonal Neural Network Approach to Two-Dimensional Non-Hermitian Systems
1	2025-07-14	2507.10287	no			Grassmann Variational Monte Carlo with neural wave functions
0	2026-08-17	2608.18168	no			Embedding Paired Free-Fermion Gaussian States into Gutzwiller-Projected Bardeen--Cooper--Schrieffer Wave Functions
0	2026-06-10	2606.11531	no			Measuring language complexity from hierarchical reuse of recurring patterns
0	2026-04-16	2604.14733	no			Differentiable Object Pose Connectivity Metrics for Regrasp Sequence Optimization
0	2025-11-17	2511.12966	no			Beyond Citations: A Cross-Domain Metric for Dataset Impact and Shareability
0	2025-11-17	2511.13827	no			Optimizing two-dimensional isometric tensor networks with quantum computers
0	2025-11-17	2511.13667	no			Quantum complexity across thermal phase transition in the transverse field Ising chain with long-range couplings
0	2025-08-26	2508.18683	no			Graph Traversal via Connected Mobile Agents
0	2025-05-05	2505.02900	no			Probing mixed-state phases on a quantum computer via Renyi correlators and variational decoding
0	2025-02-07	2502.04866	no			Crossover from Wannier-Stark localization to charge density waves for interacting spinless fermions in one dimension
