arxiv	doi	year	seeds	venue	title
2609.05556		2026	varbench		Kibble-Zurek Dynamics in Two-dimensional Frustrated Systems with a Neural Foundation-state Subspace Method
2609.01719		2026	varbench		Numerical simulation of D-Wave's quantum advantage experiment with time-dependent variational Monte Carlo
2609.00124		2026	varbench		Green-function Zeros Encode Competing Mott and Charge-ordering Scales
2608.21291		2026	varbench		Neural quantum states in condensed matter: advances, best practices, and prospects
2608.18065		2026	varbench		Quantum Geometric Tensor Preconditioning for Stable Training of Recurrent Neural Quantum States
	10.1021/jacs.6c04752	2026	varbench	Journal of the American Chemical Society	Large-Scale Quantum Computing Emulation for Accurate Triplet States of Ir(III) and Pt(II) Phosphorescent Emitters
2607.25462		2026	varbench		Covariance Geometry of Basis-Resolved Low-Energy Wavefunctions in the Spin-$1/2$ Kitaev--Heisenberg Model
2607.18865	10.48550/arxiv.2607.18865	2026	varbench	ArXiv	Enhanced Neural Quantum State via Annealed Gradient Descent
	10.1038/s41467-026-74936-7	2026	varbench	Nature Communications	Generalised quantum computational spectroscopy on a quantum chip
2607.02292	10.48550/arxiv.2607.02292	2026	varbench	ArXiv	One More Time: Revisiting Neural Quantum States from a Reinforcement Learning Perspective
2606.28201		2026	varbench		Hybrid Quantum-Classical Neural Networks for Recognizing Quantum Phases
2606.26233		2026	varbench		A fidelity metric for quantum annealing benchmarked by extreme scaling quantum Monte-Carlo simulations
2606.22984	10.48550/arxiv.2606.22984	2026	varbench	ArXiv	Scalable Physics-Inspired Transformers for Spin Glasses
2606.08181		2026	varbench		Microscopic mechanism of high-temperature superconductivity revealed by ab initio studies on hole-doped multilayer cuprates HgBa$_2$Ca$_2$Cu$_3$O$_8$ under pressure
2606.07825		2026	varbench		Projected Inverse Iteration: An Eigenvalue Approach to Ground-State Computation with Neural Quantum States
2606.04558		2026	varbench		Extremely slow scaling of minimal Hamming distance in quantum sampling data
2606.05293		2026	varbench		Thermalization Dynamics in the Two-Dimensional Hubbard Model with Neural-Network Quantum States
2606.02794	10.48550/arxiv.2606.02794	2026	varbench	ArXiv	Scaling Laws for Neural-Network Quantum States
	10.1016/j.cam.2026.117857	2026	varbench	J. Comput. Appl. Math.	NOISE-VQA: Convergence and complexity analysis of variational quantum algorithms with finite-shot and biased oracles
2606.00924		2026	varbench		Locality-Induced Hierarchical Backflow Wavefunctions for Correlated Fermions
	10.1103/tn89-g1xz	2026	varbench	Physical Review X	Vast world of quantum advantage
2605.07621		2026	varbench		Entanglement-informed distributed wavefunction approach to scalable quantum many-body systems
2605.07779		2026	varbench		Neural network quantum states in the grand canonical ensemble
2604.22718		2026	varbench		Replica Tensor Train
2604.20961		2026	varbench		Ans\"atz Expressivity and Optimization in Variational Quantum Simulations of Transverse-field Ising Model Across System Sizes
	10.1007/s11128-026-05144-x	2026	varbench	Quantum Information Processing	Squid–transmon quantum hardware simulation with deep learning for pancreatic radiotherapy image classification
2604.01555		2026	varbench		Scalable Ground-State Certification of Quantum Spin Systems via Structured Noncommutative Polynomial Optimization
2603.25066		2026	varbench		Neural Operator Quantum State: A Foundation Model for Quantum Dynamics
2603.19081	10.1021/acs.jpclett.6c00888	2026	varbench	The Journal of Physical Chemistry Letters	Utility-Scale Quantum Computational Chemistry
2602.17662	10.22323/1.518.0137	2026	varbench	Proceedings of The 42nd International Symposium on Lattice Field Theory — PoS(LATTICE2025)	A Study of Entanglement and Ansatz Expressivity for the Transverse-Field Ising Model using Variational Quantum Eigensolver
2602.04011		2026	varbench		Approximate simulation of complex quantum circuits using sparse tensors
2602.02665		2026	varbench		Approaching the Thermodynamic Limit with Neural-Network Quantum States
2601.18812		2026	varbench		A framework to evaluate the performance of Variational Quantum Algorithms
2601.08137	10.1103/rjdv-bxgq	2026	varbench	Physical Review Applied	Dissipative ground-state preparation of a quantum spin chain on a trapped-ion quantum computer
2601.01437	10.1021/prechem.5c00445	2026	varbench	Precision Chemistry	Implicitly Restarted Lanczos Enables Chemically Accurate Shallow Neural Quantum States
2512.11339		2025	varbench		Projected Sobolev Natural Gradient Descent for Efficient Neural Network Solution of the Gross--Pitaevskii Equation
2512.04663	10.48550/arxiv.2512.04663	2025	varbench	ArXiv	Fermionic neural Gibbs states
	10.1021/acs.jpclett.5c02758	2025	varbench	The journal of physical chemistry letters	Absorption Spectra with Kernel Polynomial Neural Quantum States.
2511.12551	10.1088/1402-4896/ae6ea0	2025	varbench	Physica Scripta	Principal component analysis of competing correlations in quarter-filled Hubbard models
2511.08407	10.1103/2p2k-3j2s	2025	varbench	Physical review. E	Exploring the performance of superposition of product states: From one-dimensional to three-dimensional quantum spin systems.
2511.07092	10.48550/arxiv.2511.07092	2025	varbench	ArXiv	Sample-efficient quantum error mitigation via classical learning surrogates
	10.1109/icinvents64613.2025.11401986	2025	varbench	2025 IEEE First International Conference on Innovations in Engineering and Next-Generation Technologies for Sustainability (ICINVENTS)	Enhancing Drug Design Using Variational Quantum Eigensolver
2510.07798		2025	varbench		Efficient Matrix Product State Learning in Logarithmic Depth
2509.12679	10.1088/2632-2153/ae538f	2025	varbench	Machine Learning: Science and Technology	Large language model scaling laws for neural quantum states in quantum chemistry
2509.12323		2025	varbench		Accurate ground states of $SU(2)$ lattice gauge theory in 2+1D and 3+1D
2509.12431	10.48550/arxiv.2509.12431	2025	varbench	ArXiv	Neural-Quantum-States Impurity Solver for Quantum Embedding Problems
2509.04923	10.1038/s42254-026-00962-5	2025	varbench	Nature Reviews Physics	Artificial intelligence for representing and characterizing quantum systems
2509.02272	10.1103/bw5d-d4d6	2025	varbench	Physical Review C	Quantum simulations of Green’s functions for small superfluid systems
2508.20972	10.1109/qce65121.2025.00249	2025	varbench	2025 IEEE International Conference on Quantum Computing and Engineering (QCE)	Quantum Advantage in Computational Chemistry?
	10.64972/jaat.2025v3.231p35e:476-488	2025	varbench	Journal of Applied Automation Technologies	A Novel Variational Quantum Algorithm for Solving High-Dimensional Partial Differential Equations in Climate Modeling
2508.11765	10.1016/j.future.2026.108487	2025	varbench	Future Gener. Comput. Syst.	The role of quantum computing in advancing scientific high-performance computing: A perspective from the ADAC institute
2508.10873		2025	varbench		QB Ground State Energy Estimation Benchmark
2508.05720	10.48550/arxiv.2508.05720	2025	varbench	ArXiv	The vast world of quantum advantage
2508.01072	10.1103/3kk2-3fsj	2025	varbench	Physical review letters	Biorthogonal Neural Network Approach to 2D Non-Hermitian Systems.
2507.23748		2025	varbench		Applying the Worldvolume Hybrid Monte Carlo method to the Hubbard model away from half filling
2507.21236		2025	varbench		The Augmented Tree Tensor Network Cookbook
2507.18700	10.48550/arxiv.2507.18700	2025	varbench	ArXiv	Adaptive Neural Quantum States: A Recurrent Neural Network Perspective
2507.17470	10.1038/s41467-026-72506-5	2025	varbench	Nature Communications	Demonstration of efficient predictive surrogates for large-scale quantum processors
2507.10705	10.1073/pnas.2535288123	2025	varbench	Proceedings of the National Academy of Sciences of the United States of America	Neural network-augmented Pfaffian wave-functions for scalable simulations of interacting fermions.
2507.10835	10.48550/arxiv.2507.10835	2025	varbench	ArXiv	Functional Neural Wavefunction Optimization
	10.1063/5.0271401	2025	varbench	The Journal of chemical physics	Tethered Gaussian wavepackets for quantum dynamics simulations: Sticking together for better convergence.
2507.03137	10.1103/j9rb-tnj4	2025	varbench	Physical review letters	Mapping Phase Diagrams of Quantum Spin Systems through Semidefinite-Programming Relaxations.
2507.01856	10.1103/dqc7-zsvc	2025	varbench	Physical Review B	Investigating the Fermi-Hubbard model by the tensor-backflow method
2506.23550	10.1103/3rq4-2m5k	2025	varbench	ArXiv	Seeding neural network quantum states with tensor network states
2506.22275	10.1016/j.physletb.2025.139841	2025	varbench	Physics Letters B	Excited states from ADAPT-VQE convergence path in many-body Problems: application to nuclear pairing problem and H4 molecule dissociation
2506.22418		2025	varbench		Universal Quantum Computational Spectroscopy on a Quantum Chip
2506.19461	10.1002/qute.202500866	2025	varbench	Advanced Quantum Technologies	Iterative Quantum Feature Maps
2506.19337	10.1021/acs.jctc.5c01038	2025	varbench	Journal of chemical theory and computation	A Perspective on Quantum Computing Applications in Quantum Chemistry Using 25-100 Logical Qubits.
2506.05050	10.1103/b2kz-15c5	2025	varbench	Physical Review B	Hybrid between biologically- and quantum-inspired many-body states
2505.21606	10.1103/6vd7-l9bn	2025	varbench	PRX Quantum	Pauli Propagation: A computational framework for simulating quantum systems
2505.20406		2025	varbench		Leveraging recurrence in neural network wavefunctions for large-scale simulations of Heisenberg antiferromagnets on the triangular lattice
2505.02901	10.21468/scipostphyscodeb.70	2025	varbench	SciPost Physics Codebases	XDiag: Exact diagonalization for quantum many-body systems
2505.00233	10.48550/arxiv.2505.00233	2025	varbench	ArXiv	Explorative Curriculum Learning for Strongly Correlated Electron Systems
2504.21440	10.22331/q-2025-09-29-1866	2025	varbench	Quantum	QuantumToolbox.jl: An efficient Julia framework for simulating open quantum systems
2504.18359	10.1103/xl6n-dlq6	2025	varbench	ArXiv	Predicting sampling advantage of stochastic Ising Machines for Quantum Simulations
	10.1103/physrevb.111.134508	2025	varbench	Physical Review B	Emergent pairing states and tunable symmetry in the anisotropic triangular lattice
2504.03832	10.1038/s43588-026-00991-1	2025	varbench	Nature Computational Science	The Quantum Optimization Benchmarking Library
	10.1103/physrevlett.134.126503	2025	varbench	Physical review letters	Unusual Energy Spectra of Matrix Product States.
2503.17140	10.48550/arxiv.2503.17140	2025	varbench	ArXiv	Adiabatic Fine-Tuning of Neural Quantum States Enables Detection of Phase Transitions in Weight Space
2503.10901	10.1038/s41524-026-02059-0	2025	varbench	npj Computational Materials	Computing band gaps of periodic materials via sample-based quantum diagonalization
2503.10462		2025	varbench		Convolutional transformer wave functions
2503.09696		2025	varbench		Fluctuation corrections to the free energy of strongly correlated electron systems
2503.08444	10.1103/wdy1-l2t2	2025	varbench	Physical Review B	Computation kernel for Feynman diagrams
2502.18838	10.1103/7mvy-zq7j	2025	varbench	Physical Review A	Comparison of encoding schemes for quantum computing of <mml:math xmlns:mml="http://www.w3.org/1998/Math/MathML" display="inline"><mml:mrow><mml:mi>S</mml:mi><mml:mo>></mml:mo><mml:mn>1</mml:mn><mml:mi>/</mml:mi><mml:mn>2</mml:mn></mml:mrow></mml:math> spin chains
2502.17144		2025	varbench		Leveraging recurrence in neural network wavefunctions for large-scale simulations of Heisenberg antiferromagnets on the square lattice
2502.09488	10.1038/s41467-025-62098-x	2025	varbench	Nature Communications	Foundation neural-networks quantum states as a unified Ansatz for multiple hamiltonians
2501.15709	10.1016/j.physc.2025.1354683	2025	varbench	Physica C: Superconductivity and its Applications	The significance of “stripes” in the physics of the cuprates, the Hubbard model, and other highly correlated electronic systems
	10.5802/crphys.229	2025	varbench	Comptes Rendus. Physique	Classical and quantum algorithms for many-body problems
2501.12130	10.1103/2jpn-jh3x	2025	varbench	PRX Intelligence	Quantum-Enhanced Neural Networks for Quantum Many-Body Simulations
2501.09702		2025	varbench		Quantum-Centric Algorithm for Sample-Based Krylov Diagonalization
2412.11778	10.1103/kqvx-dl54	2024	varbench	Physical review letters	Time-Dependent Neural Galerkin Method for Quantum Dynamics.
2412.12398	10.1038/s41534-026-01230-1	2024	varbench	npj Quantum Information	Polynomially efficient quantum enabled variational Monte Carlo for training neural-network quantum states for physico-chemical applications
2412.04554	10.1103/rw81-k8vk	2024	varbench	Physical review letters	Double-Bracket Quantum Algorithms for Quantum Imaginary-Time Evolution.
2411.18921	10.1103/zpjv-bm5c	2024	varbench	Physical Review Research	Effective temperature in approximate quantum many-body states
2411.04527	10.1103/physrevresearch.7.023316	2024	varbench	Physical Review Research	Efficiency of the hidden fermion determinant states Ansatz in the light of different complexity measures
2411.04120	10.2172/3018802	2024	varbench		Second-Order Cone Relaxations For Quantum Max Cut
2410.16408	10.1103/physrevresearch.7.023113	2024	varbench	Physical Review Research	Neural network distillation of orbital dependent density functional theory
2410.13646	10.1103/hbrt-cn8q	2024	varbench	Physical Review Research	Certifying steady-state properties of open quantum systems
2410.10720	10.22331/q-2025-07-22-1803	2024	varbench	Quantum	Neural Projected Quantum Dynamics: a systematic study
2410.07789	10.1103/physreva.111.052619	2024	varbench	Physical Review A	Simulating the Fermi-Hubbard model with long-range hopping on a quantum computer
2410.02633	10.7566/jpsj.94.031001	2024	varbench	Journal of the Physical Society of Japan	Quantum Many-Body Solver Using Artificial Neural Networks and its Applications to Strongly Correlated Electron Systems
2410.01252	10.1007/s42484-026-00397-2	2024	varbench	Quantum Machine Intelligence	Resource-efficient equivariant quantum convolutional neural networks
2409.00398	10.1103/t8m6-zhrm	2024	varbench		Variational Monte Carlo with Neural Network Quantum States for Yang-Mills Matrix Model
2408.16453	10.1103/physrevresearch.7.013194	2024	varbench	Physical Review Research	Phase diagram of the <mml:math xmlns:mml="http://www.w3.org/1998/Math/MathML"><mml:msub><mml:mi>J</mml:mi><mml:mn>1</mml:mn></mml:msub><mml:mtext>−</mml:mtext><mml:msub><mml:mi>J</mml:mi><mml:mn>2</mml:mn></mml:msub></mml:math> Heisenberg second-order topological quantum magnet
2408.08639	10.1088/2058-9565/ae0d79	2024	varbench	Quantum Science and Technology	Solving the quantum many-body Hamiltonian learning problem with neural differential equations
2407.04773	10.1103/physrevb.110.205147	2024	varbench	Physical Review B	Transformer wave function for quantum long-range models
2406.15557	10.1038/s41467-025-57930-3	2024	varbench	Nature Communications	Observation of a non-Hermitian supersonic mode on a trapped-ion quantum computer
2406.11677	10.21468/scipostphys.18.3.112	2024	varbench	SciPost Physics	Neural quantum state study of fracton models
2406.09077	10.1038/s42005-025-01955-z	2024	varbench	Communications Physics	Spectroscopy of two-dimensional interacting lattice electrons using symmetry-aware neural backflow transformations
2405.20384	10.1038/s42005-025-02226-7	2024	varbench	Communications Physics	Recurrent neural network wave functions for Rydberg atom arrays on kagome lattice
2405.17541	10.1103/pgnx-11ph	2024	varbench	Physical review letters	Approximately-symmetric neural networks for quantum spin liquids
2405.03754	10.22331/q-2025-04-01-1682	2024	varbench	Quantum	Early Fault-Tolerant Quantum Algorithms in Practice: Application to Ground-State Energy Estimation
2404.07869	10.22331/q-2025-06-17-1772	2024	varbench	Quantum	Accurate neural quantum states for interacting lattice bosons
2404.08053	10.1103/prxquantum.5.040320	2024	varbench	PRX Quantum	Benchmarking Digital Quantum Simulations Above Hundreds of Qubits Using Quantum Critical Dynamics
2403.07447	10.1038/s41467-024-53672-w	2024	varbench	Nature Communications	Ab-initio variational wave functions for the time-dependent many-electron Schrödinger equation
2403.00910	10.1126/science.ado6285	2024	varbench	Science	Beyond-classical computation in quantum simulation.
2402.11869	10.1109/qce65121.2025.00250	2024	varbench	2025 IEEE International Conference on Quantum Computing and Engineering (QCE)	Orbital-Rotated Fermi-Hubbard Model as a Benchmarking Problem for Quantum Chemistry with the Exact Solution
2402.11014	10.1140/epjp/s13360-024-05311-y	2024	varbench	The European Physical Journal Plus	Neural-network quantum states for many-body physics
2401.03015	10.22331/q-2025-04-09-1704	2024	varbench	Quantum	Ground state energy and magnetization curve of a frustrated magnetic system from real-time evolution on a digital quantum processor
2312.08065	10.1103/physrevb.109.174409	2023	varbench	Physical Review B	Hubbard physics with Rydberg atoms: Using a quantum spin simulator to simulate strong fermionic correlations
2311.18706	10.1038/s41467-024-51592-3	2023	varbench	Nature Communications	Certified algorithms for equilibrium states of local quantum Hamiltonians
2310.05844	10.1103/physrevx.14.031006	2023	varbench	Physical Review X	Certifying Ground-State Properties of Many-Body Systems
		2023	varbench		Certifying ground-state properties of quantum many-body systems
2308.10934	10.1103/physrevresearch.6.023261	2023	varbench	Physical Review Research	Simplicity of mean-field theories in neural quantum states
2308.08594	10.1103/physrevresearch.6.013237	2023	varbench	Physical Review Research	Automatic order detection and restoration through systematically improvable variational wave functions
2308.07964	10.1063/5.0173591	2023	varbench	The Journal of chemical physics	Quantum computing for chemistry and physics applications from a Monte Carlo perspective.
2307.12323	10.1088/1367-2630/ad64fb	2023	varbench	New Journal of Physics	Single entanglement connection architecture between multi-layer bipartite hardware efficient ansatz
2307.10324	10.1088/1367-2630/ad634a	2023	varbench	New Journal of Physics	Applicability of measurement-based quantum computation towards physically-driven variational quantum eigensolver
2307.07050	10.48550/arxiv.2307.07050	2023	varbench	ArXiv	Wasserstein Quantum Monte Carlo: A Novel Approach for Solving the Quantum Many-Body Schrödinger Equation
2306.16877	10.1088/1361-648x/ad0916	2023	varbench	Journal of Physics: Condensed Matter	Boltzmann machines and quantum many-body problems
2306.13126	10.22331/q-2024-12-11-1559	2023	varbench	2023 IEEE International Conference on Quantum Computing and Engineering (QCE)	HamLib: A Library of Hamiltonians for Benchmarking Quantum Algorithms and Hardware
2306.02620	10.1103/hpt6-9tnk	2023	varbench	Physical Review B	Feasibility of performing quantum chemistry calculations on quantum computers
2305.14294	10.22331/q-2023-10-10-1131	2023	varbench	Quantum	Unbiasing time-dependent Variational Monte Carlo by projected quantum evolution
2305.06855	10.1063/5.0159108	2023	varbench	Journal of Mathematical Physics	Entropy constraints for ground energy optimization
2305.02516	10.1103/physrevb.108.l121411	2023	varbench	Physical Review B	Quantum Wigner molecules in moiré materials
2303.15626	10.1038/s42005-024-01552-6	2023	varbench	Communications Physics	A framework for demonstrating practical quantum advantage: comparing quantum against classical generative models
2303.14108	10.21468/scipostphyscore.6.4.088	2023	varbench	SciPost Physics Core	Neural network quantum states analysis of the Shastry-Sutherland model
2303.06672	10.1103/physrevx.13.041036	2023	varbench	Physical Review X	Superconductivity Studied by Solving <i>Ab Initio</i> Low-Energy Effective Hamiltonians for Carrier Doped <mml:math xmlns:mml="http://www.w3.org/1998/Math/MathML" display="inline"><mml:mrow><mml:msub><mml:mrow><mml:mi>CaCuO</mml:mi></mml:mrow><mml:mrow><mml:mn>2</mml:mn></mml:mrow></mml:msub></mm
2302.11588		2023	varbench		Enhancing the Expressivity of Variational Neural, and Hardware-Efficient Quantum States Through Orbital Rotations
2302.09966		2023	varbench		Density functional description of long-range electron Coulomb interactions in bulk SnS
2302.01941	10.1038/s41567-024-02566-1	2023	varbench	Nature Physics	Empowering deep neural quantum states through efficient optimization
2210.05871	10.21468/scipostphys.14.6.171	2022	varbench	SciPost Physics	Autoregressive neural Slater-Jastrow ansatz for variational Monte Carlo simulation
		2023	varbench		High-throughput-based examination of density functional eﬀects in intrinsic properties of SnS
		2023	varbench		Single Entanglement Connection Architecture between Multi-Layer HEA for Distributed VQE
			varbench		Comparison of encoding schemes for quantum computing of 𝑺 > 1 / 2 spin chains
			varbench		Sample-based Krylov Quantum Diagonalization
			varbench		Enhanced NQS via Annealed Gradient Descent
2608.00254		2026	ftps		Interplay of spin-orbit coupling, crystal field splitting and correlations: a ghost rotationally invariant slave boson treatment
2512.15875	10.1063/5.0323779	2025	ftps	The Journal of chemical physics	Tree tensor networks methods for efficient calculation of molecular vibrational spectra.
2503.15460	10.1063/5.0301775	2025	ftps	The Journal of chemical physics	pyTTN: An open-source toolbox for open and closed system quantum dynamics simulations using tree tensor networks.
2407.10140	10.1103/hmbj-lg7p	2024	ftps	Physical Review A	Efficient tensor network simulation of multiemitter non-Markovian systems
2407.00771	10.1063/5.0226253	2024	ftps	The Journal of chemical physics	Steady-state properties of multi-orbital systems using quantum Monte Carlo.
2406.09769	10.22331/q-2024-12-27-1580	2024	ftps	ArXiv	Approximate Contraction of Arbitrary Tensor Networks with a Flexible and Efficient Density Matrix Algorithm
2304.06587	10.1063/5.0245488	2023	ftps	APL Quantum	Anderson impurity solver integrating tensor network methods with quantum computing
	10.1016/j.mtcomm.2023.105510	2023	ftps	Materials Today Communications	Stability, electronic, optical and thermoelectric properties of site-substituted <mml:math xmlns:mml="http://www.w3.org/1998/Math/MathML" display="inline" id="d1e2512" altimg="si21.svg"><mml:msub><mml:mrow><mml:mi mathvariant="normal">LaV O</mml:mi></mml:mrow><mml:mrow><mml:mn>3</mml:mn></mml:mrow><
	10.1088/1742-5468/ac729b	2022	ftps	Journal of Statistical Mechanics: Theory and Experiment	Quench dynamics of the Anderson impurity model at finite temperature using matrix product states: entanglement and bath dynamics
2010.03938	10.1103/physrevb.103.035120	2021	ftps	Physical Review B	Self-consistent ladder dynamical vertex approximation
2008.04281	10.1038/s43588-021-00090-3	2020	ftps	Nature Computational Science	Maximally localized dynamical quantum embedding for solving many-body correlated systems
2007.14822	10.21468/scipostphyscodeb.4	2020	ftps	ArXiv	The ITensor Software Library for Tensor Network Calculations
2007.03955	10.1103/physrevb.103.045120	2020	ftps	Physical Review B	Sparse modeling of large-scale quantum impurity models with low symmetries
2007.02804	10.1103/physrevresearch.2.043263	2020	ftps	Physical Review Research	Spectral properties of heterostructures containing half-metallic ferromagnets in the presence of local many-body correlations
2002.04656	10.1103/physrevb.101.165132	2020	ftps	Physical Review B	Nonequilibrium pseudogap Anderson impurity model: A master equation tensor network approach
1911.09108	10.1103/physreva.101.050301	2019	ftps	Physical review. A	Open System Tensor Networks and Kramers’ Crossover for Quantum Transport
	10.1103/physreve.100.043309	2019	ftps	Physical review. E	Towards a polynomial algorithm for optimal contraction sequence of tensor networks from trees.
1912.12493	10.1103/physrevb.100.115151	2019	ftps	Physical Review B	Density functional theory plus dynamical mean-field theory with natural atomic orbital projectors
1909.02757	10.1103/physrevb.100.115134	2019	ftps	Physical Review B	Natural-orbital impurity solver and projection approach for Green's functions
1909.02503	10.1103/physrevb.101.041101	2019	ftps	Physical Review B	Imaginary-time matrix product state impurity solver in a real material calculation: Spin-orbit coupling in Sr2RuO4
1909.02389	10.1103/physrevlett.124.016401	2019	ftps	Physical review letters	Strongly Correlated Materials from a Numerical Renormalization Group Perspective: How the Fermi-Liquid State of Sr_{2}RuO_{4} Emerges.
1908.03090	10.21468/scipostphys.8.2.024	2019	ftps	SciPost Physics	Time dependent variational principle for tree Tensor Networks
1906.03396	10.1103/physrevb.100.075137	2019	ftps	Physical Review B	Bayesian parametric analytic continuation of Green's functions
1904.12793	10.1103/physrevlett.124.137701	2019	ftps	Physical review letters	Breaking the entanglement barrier: Tensor network simulation of quantum transport
1903.00432	10.1103/physrevb.99.235426	2019	ftps	Physical Review B	Comb tensor networks
1812.02049	10.1103/physreve.99.043303	2018	ftps	Physical review. E	Auxiliary master equation approach within stochastic wave functions: Application to the interacting resonant level model.
	10.70675/34fcc0faz5be8z4019za194z5a91f83926b4	2018	ftps		Heavy fermions and Hund's metals in iron-based superconductors
1810.07963	10.1103/physrevb.99.045148	2018	ftps	Physical Review B	First-principles quantum transport simulation of CuPc on Au(111) and Ag(111)
1810.01612	10.1103/physrevb.99.205132	2018	ftps	Physical Review B	Efficient quantum simulation for thermodynamics of infinite-size many-body systems in arbitrary dimensions
1808.10804	10.21468/scipostphys.5.5.047	2018	ftps	SciPost Physics	Abelian and non-abelian symmetries in infinite projected entangled pair states
1712.08055	10.1103/physrevb.97.115156	2017	ftps	Physical Review B	Dynamical mean-field theory on the real-frequency axis: p-d hybridization and atomic physics in SrMnO3
1711.08745	10.3389/fphy.2018.00013	2017	ftps	arXiv: Strongly Correlated Electrons	Solving the Multi-site and Multi-orbital Dynamical Mean Field Theory Using Density Matrix Renormalization
1711.01104	10.1103/physrevb.97.045125	2017	ftps	Physical Review B	Error estimates for extrapolations with matrix-product states
1707.08841	10.1016/j.physb.2017.09.078	2017	ftps	Physica B-condensed Matter	A real-frequency solver for the Anderson impurity model based on bath optimization and cluster perturbation theory
	10.1007/978-3-319-94956-7_3	2018	ftps		From the Keldysh Formalism to Non-equilibrium Dynamical Mean-Field Theory
	10.1103/vwhk-22b8	2025	varbench		Distribution-adaptive dynamic shot optimization for variational quantum algorithms
	10.1103/3sxm-rwb2	2026	varbench		Probing quantum spin systems with Kolmogorov-Arnold neural network quantum states
	10.1145/3733842	2025	varbench		Line-Graph Qubit Routing
	10.2139/ssrn.5490827	2025	varbench		Rigorous Renormalization Group Analysis of Quantum Many-Body Hysteresis in Topological Insulators: Applications to Hydrogen Switching and CO 2 Reduction Catalysis
2506.04663	10.1103/lldh-d7y1	2026	varbench		Accelerated spin-adapted ground-state preparation with nonvariational quantum algorithms
	10.1103/9891-x33t	2026	varbench		Unbiased Krylov subspace method for the extraction of ground states from lattice correlators
	10.1103/l8mr-567g	2026	varbench		Grassmann variational Monte Carlo with neural wave functions
2302.04919	10.1126/science.adg9774	2024	ftps		Variational benchmarks for quantum many-body problems
2211.10430	10.1103/physrevb.107.125103	2023	ftps		Real-time evolution of Anderson impurity models via tensor network influence functionals
2207.07547	10.1103/physrevlett.130.186301	2023	ftps		Quantum Monte Carlo Method in the Steady State
2306.17837	10.21468/scipostphys.15.6.222	2023	ftps		Gauging tensor networks with belief propagation
2204.05693	10.1103/prxquantum.4.010317	2023	ftps		Density Matrix Renormalization Group with Tensor Processing Units
2012.01424	10.1103/physrevb.104.014303	2021	ftps		Efficient mapping for Anderson impurity problems with matrix product states
2210.09623	10.1103/physrevb.107.075119	2023	ftps		Configuration interaction based nonequilibrium steady state impurity solver
2112.02764	10.1103/physrevresearch.4.023219	2022	ftps		Hybrid quantum-classical algorithm for computing imaginary-time correlation functions
2012.02803	10.1103/physrevb.103.155104	2021	ftps		Quantum quasi Monte Carlo algorithm for out-of-equilibrium Green functions at long times
2010.12628	10.1103/physrevb.103.195149	2021	ftps		Electron correlations in the cubic paramagnetic perovskite Sr(V,Mn)O3 : Results from fully self-consistent self-energy embedding calculations
2212.07515	10.1103/physrevb.107.l121104	2023	ftps		Accuracy of ghost rotationally invariant slave-boson and dynamical mean field theory as a function of the impurity-model bath size
2103.05545	10.1103/physrevb.104.115119	2021	ftps		Tree tensor-network real-time multiorbital impurity solver: Spin-orbit coupling and correlation functions in Sr2RuO4
2305.03329	10.1103/physrevb.107.235150	2023	ftps		Efficient computational screening of strongly correlated materials: Multiorbital phenomenology within the ghost Gutzwiller approximation
2306.17216	10.1103/physrevb.108.205110	2023	ftps		Equilibrium quantum impurity problems via matrix product state encoding of the retarded action
2312.11705	10.1103/physrevb.109.155124	2024	ftps		Complex time evolution in tensor networks and time-dependent Green's functions
2305.11128	10.1103/physrevb.108.245147	2023	ftps		Accuracy of ghost-rotationally-invariant slave-boson theory for multiorbital Hubbard models and realistic materials
2411.19026	10.1103/physrevb.111.125120	2025	ftps		Strong coupling impurity solver based on quantics tensor cross interpolation
2401.04880	10.1103/physrevb.109.165113	2024	ftps		Real-time impurity solver using Grassmann time-evolving matrix product operators
2404.05410	10.1103/physrevb.110.165114	2024	ftps		Solving equilibrium quantum impurity problems on the L-shaped Kadanoff-Baym contour
2311.10909	10.1103/physrevb.109.235110	2024	ftps		Dynamical correlation functions from complex time evolution
2502.18630	10.1103/8993-8xn5	2025	ftps		Optimal symbolic construction of matrix product operators and tree tensor network operators
2503.02848	10.1103/xsbn-jk16	2025	ftps		Steady-state dynamical mean field theory based on influence functional matrix product states
2105.06971	10.1103/physrevb.104.045127	2021	ftps		Dynamical mean-field theory of the Anderson-Hubbard model with local and nonlocal disorder in tensor formulation
2201.03099	10.1103/physrevb.105.165133	2022	ftps		Interaction-expansion inchworm Monte Carlo solver for lattice and impurity models
	10.1103/physrevmaterials.6.075002	2022	ftps		Electronic structure of the highly conductive perovskite oxide SrMoO 3
2403.16700	10.1103/physrevb.110.045106	2024	ftps		Infinite Grassmann time-evolving matrix product operator method in the steady state
2111.04408	10.1103/physrevb.105.235106	2022	ftps		Effect of geometry on magnetism of Hund's metals: Case study of BaRuO 3
2210.11209	10.1103/physrevb.108.l081102	2023	ftps		Hund bands in spectra of multiorbital systems
2311.13433	10.21468/scipostphyscore.7.2.036	2024	ftps		State diagrams to determine tree tensor network operators
2506.01363	10.21468/scipostphyscodeb.58	2025	ftps		Next-generation EDIpack: A Lanczos-based package for quantum impurity models featuring general broken-symmetry phases, flexible bath topologies and multi-platform interoperability
2312.04105	10.1103/physrevresearch.6.023110	2024	ftps		Comparative study on compact quantum circuits of hybrid quantum-classical algorithms for quantum impurity models
2310.10799	10.1103/tjnr-kqmk	2025	ftps		Matrix product state based band Lanczos solver for quantum cluster approaches
2402.14350	10.21468/scipostphyscore.7.3.063	2024	ftps		Efficient construction of the Feynman-Vernon influence functional as matrix product states
2206.07493	10.1103/physrevresearch.4.043082	2022	ftps		Training biases in machine learning for the analytic continuation of quantum many-body Green's functions
	10.1103/physrevb.106.035132	2022	ftps		Small moments without long-range magnetic ordering in the zero-temperature ground state of the double perovskite iridate Ba2YIrO6
2109.11935	10.1103/physrevb.105.085122	2022	ftps		Single-impurity Anderson model out of equilibrium: A two-particle semianalytic approach
2107.13941	10.1103/physrevb.105.195107	2022	ftps		Minimally entangled typical thermal state algorithms for finite temperature Matsubara Green functions
2412.13711	10.1103/g1ky-4zd7	2025	ftps		Turning qubit noise into an advantage: Automatic state preparation and long-time dynamics for impurity models on quantum computers
2107.06517	10.1103/physrevb.108.195124	2023	ftps		Natural orbital impurity solver for real-frequency properties at finite temperature
2312.13668	10.1103/physrevb.109.245113	2024	ftps		Finite-temperature minimally entangled typical thermal states impurity solver
2501.10746	10.1103/f88w-hg3j	2026	ftps		Unraveling screening mechanisms in Kondo impurities using an NRG-MPS-based method
2007.14923	10.1103/physrevb.102.245138	2020	ftps		Subbands in the doped two-orbital Kanamori-Hubbard model
2404.04757	10.1103/physrevb.110.165119	2024	ftps		Infinite Grassmann time-evolving matrix product operator method for zero-temperature equilibrium quantum impurity problems
2309.00479	10.1088/2516-1075/ad29ab	2024	ftps		Composition-driven Mott transition within SrTi 1−x V x O3
2412.04702	10.1103/g5y8-jfb2	2025	ftps		Infinite Grassmann time-evolving matrix product operators for quantum impurity problems after a quench
2503.01277	10.1088/1361-6633/add6d4	2025	ftps		Magnon damping and mode softening in quantum double-exchange ferromagnets
2507.12722	10.1103/7s3h-9crw	2025	ftps		Scalable tensor network algorithm for quantum impurity problems
2010.15797	10.1103/physrevb.104.115153	2021	ftps		Broadening and sharpening of the Drude peak through antiferromagnetic fluctuations
2204.13562	10.1103/physrevb.106.085124	2022	ftps		Pseudoparticle vertex solver for quantum impurity models
2107.13960	10.1103/physrevb.104.205120	2021	ftps		Data-driven dynamical mean-field theory: An error-correction approach to solve the quantum many-body problem using machine learning
2203.07880	10.21468/scipostphys.14.1.010	2023	ftps		Formation of CuO$_2$ sublattices by suppression of interlattice correlations in tetragonal CuO
2410.00497	10.1103/physrevb.111.165120	2025	ftps		Algorithm for computing perturbation series of dynamical mean field theory
2507.05580	10.1088/0256-307x/42/12/120701	2025	ftps		Tensor Network Algorithm to Solve Polaron Impurity Problems
2512.23237	10.1103/yqv4-4vjx	2026	ftps		Multiorbital dynamical mean-field theory with a complex-time solver
2601.17718	10.1103/ycty-d5f9	2026	ftps		Tree tensor network impurity solver based on Cayley-tree mapping
	10.1103/4n1t-qpm7	2026	ftps		Fermionic versus spin baths in noninteracting transport models
2509.19704	10.1103/z1c9-55ff	2026	ftps		Holographic aspects of dynamical mean-field theory
2602.05664	10.1103/svb6-63vj	2026	ftps		Steady-state study of the nonequilibrium properties of SrVO 3
