score	arxiv	peer_reviewed	n_energies	n_with_errorbar	n_tables	models	journal_ref	title
14	2607.00398	yes	17	16	19	kagome+triangular+J1J2+Hubbard+square-Heis	In Proceedings of the 32nd ACM SIGKDD Conference on Knowledge Discovery and Data Mining V.2 (KDD '26), August 09-13, 2026, Jeju Island, Republic of Korea	Holographic Quantum Transformer: A Generalist Neuro-Symbolic Architecture for Solving Frustrated Systems via Generative Attention
14	2505.03466	yes	9	7	33	kagome+J1J2+Shastry	Phys. Rev. Research 7, 043099 (2025)	Design principles of deep translationally-symmetric neural quantum states for frustrated magnets
14	2510.11710	yes	8	8	39	kagome+triangular+J1J2+Hubbard+Shastry+TFIsing	Phys. Rev. B 113, 245104, 2026	Comparing Symmetrized Determinant Neural Quantum States for the Hubbard Model
14	2604.11880	yes	23	19	69	kagome+triangular+pyrochlore+Shastry	Rep. Prog. Phys. 89, 078003 (2026)	Classification and correlation signatures of chiral spin liquids on the pyrochlore lattice
13	2502.13454	yes	119	92	43	Hubbard+Shastry	Phys. Rev. Lett. 134, 256502 (2025), Editor's Suggestion	Accurate Simulation of the Hubbard Model with Finite Fermionic Projected Entangled Pair States
13	2601.02555	yes	21	18	18	kagome+pyrochlore+TFIsing	Phys. Rev. B 113, 214415 (2026)	Influence of controlled disorder on the dipolar spin ice state of Ho-based pyrochlores
13	2508.19248	yes	6	16	25	kagome+pyrochlore+TFIsing	Materials Today Physics 67 (2026) 102169	Disorder-induced proximate quantum spin ice phase in Pr2Sn2O7
12	2506.08329	yes	52	29	22	Hubbard	Phys. Rev. B 113, 085134 (2026)	Neuralized Fermionic Tensor Networks for Quantum Many-Body Systems
12	2604.21978	no	15	18	19	J1J2+Hubbard+Shastry		Beyond Variational Bias: Resolving Intertwined Orders in the Hubbard Model
12	2510.26906	no	11	7	16	kagome+Hubbard+Shastry		Enhancing Neural Network Backflow
12	2603.14425	no	28	26	24	triangular+J1J2+Hubbard		Disentangling Tensor Network States with Deep Neural Network
12	2502.17144	no	48	50	26	kagome+triangular+Hubbard+square-Heis		Leveraging recurrence in neural network wavefunctions for large-scale simulations of Heisenberg antiferromagnets on the square lattice
12	2608.18065	no	11	8	151	kagome+triangular+J1J2+Hubbard+TFIsing+square-Heis		Quantum Geometric Tensor Preconditioning for Stable Training of Recurrent Neural Quantum States
12	2602.02665	no	25	21	50	triangular+J1J2+Hubbard+Shastry+square-Heis		Approaching the Thermodynamic Limit with Neural-Network Quantum States
12	2601.07800	no	39	42	108	kagome+triangular+pyrochlore+J1J2		Rigorous Anderson-type lower bounds on the ground-state energy of the pyrochlore Heisenberg antiferromagnet
12	2507.10705	no	18	10	81	Hubbard+Shastry+tV		Neural Network-Augmented Pfaffian Wave-functions for Scalable Simulations of Interacting Fermions
12	2605.13807	no	77	66	44	kagome+triangular+Hubbard+TFIsing+square-Heis		Parallel Scan Recurrent Neural Quantum States for Scalable Variational Monte Carlo
12	2505.20406	no	24	19	38	kagome+triangular+J1J2+square-Heis		Leveraging recurrence in neural network wavefunctions for large-scale simulations of Heisenberg antiferromagnets on the triangular lattice
12	2607.14766	no	12	6	33	kagome+triangular+Hubbard		Emergence of a monopole phase in the $J_1{-}J_2$ Heisenberg model on the triangular lattice for small magnetic fields
11	2510.04907	yes	18	0	18	kagome+triangular+shuriken+Shastry	Phys. Rev. B 113, 045117 (2026)	Variational optimization of projected entangled-pair states on the triangular lattice
11	2608.12465	no	8	5	12	Hubbard+Shastry		Superconductivity in the $t$-$t'$ Hubbard Model from Symmetry-Preserving Neural-Network Quantum States
11	2604.25775	no	69	7	19	Hubbard+Shastry		Pareto Frontier of Neural Quantum States: Scalable, Affordable, and Accurate Convolutional Backflow for Strongly Correlated Lattice Fermions
11	2512.14414	yes	7	0	12	kagome+J1J2+Hubbard+Shastry+square-Heis	Phys. Rev. B 113, 155127 (2026)	Single-layer framework of variational tensor network states
11	2507.02644	no	30	9	33	Hubbard+Shastry		Solving the Hubbard model with Neural Quantum States
11	2502.14091	yes	7	3	1	Shastry+square-Heis	Phys. Rev. Lett. 136, 186701 (2026)	Quantum spin liquid phase in the Shastry-Sutherland model revealed by high-precision infinite projected entangled-pair states
11	2502.13223	yes	14	0	84	kagome+triangular+Hubbard	Phys. Rev. B 112, 224415 (2025)	Triangular lattice models of the Kalmeyer-Laughlin spin liquid from coupled wires
11	2511.07566	no	28	28	51	pyrochlore+Hubbard		Superconductivity in the two-dimensional Hubbard model revealed by neural quantum states
11	2510.02051	no	10	5	79	J1J2+Hubbard		Improving neural network performance for solving quantum sign structure
10	2608.04979	no	23	3	98	Hubbard		Delocalized Coupled-Cluster Theory for Polaron Structure and Dynamics
10	2602.03031	no	53	50	42	Hubbard		Physics-inspired transformer quantum states via latent imaginary-time evolution
10	2606.30464	no	10	12	8	square-Heis		NQS-Agent: Health-Aware Agentic Hyperparameter Optimization for Neural-Network Quantum States
9	2606.17045	no	43	0	31	triangular+Hubbard+TFIsing		Compact Spin-Charge Separated Neural Quantum States for Valence-Bond States
9	2601.21310	yes	68	0	36	Hubbard	J. Chem. Theory Comput. 22, 6497-6509 (2026)	A Deterministic Framework for Neural Network Quantum States in Quantum Chemistry
9	2507.10471	yes	2	0	43	kagome+triangular+pyrochlore+Hubbard	SciPost Phys. 20, 121 (2026)	Resonating Valence Bond Ground States on Corner-sharing Simplices
9	2607.13781	no	8	7	153			jQMC: A JAX-based ab initio quantum Monte Carlo package designed for GPU-accelerated computing
9	2503.12557	yes	2	0	30	kagome+triangular+J1J2+Hubbard	Phys. Rev. B 111, 195120 (2025)	Efficient optimization and conceptual barriers in variational finite Projected Entangled-Pair States
9	2608.02473	no	30	0	51	kagome+triangular+square-Heis		Optimized Tensor-Network Renormalization for Quantum Dynamics: Resolving the Spectral Function of $\mathrm{K_2Co(SeO_3)_2}$
9	2509.13746	no	19	0	44	kagome+triangular+pyrochlore+Hubbard		Closely competing valence bond crystal orders in the ground state of the spin-$\frac{1}{2}$ antiferromagnetic Heisenberg model on the pyrochlore lattice: a large scale unrestricted variational study
9	2507.10287	no	313	254	46			Grassmann Variational Monte Carlo with neural wave functions
8	2507.01856	no	78	0	35	J1J2+Hubbard		Investigating the Fermi-Hubbard model by the tensor-backflow method
8	2506.11222	yes	0	0	18	kagome+J1J2+Hubbard+TFIsing	Phys. Rev. Research 7, 043291 (2025)	Many-Body Neural Network Wavefunction for a Non-Hermitian Ising Chain
8	2511.06623	yes	0	0	52	kagome+Hubbard+TFIsing	Phys. Rev. Research 8, 023358 (2026)	Quantum algorithm for one-quasiparticle excitations in the thermodynamic limit via cluster-additive block diagonalization
8	2503.14131	yes	0	0	77	kagome+triangular+pyrochlore+Hubbard	Phys. Rev. B 111, 235154 (2025)	Spinor ice correlation in flat-band electronic states on kagome and pyrochlore lattices with spin-orbit coupling
8	2503.05353	yes	0	0	86	kagome+triangular+pyrochlore	Phys. Rev. B 111, 214444 (2025)	Field-induced Multi-$\boldsymbol{\vec{Q}}$ States in a Pyrochlore Heisenberg Magnet
8	2608.26347	no	5	0	45	kagome+J1J2		Dynamical signatures of deconfined spinons in dimerized sawtooth chains
8	2506.23550	yes	0	0	40	pyrochlore+Hubbard+TFIsing	Phys. Rev. B 112, 155163 (2025)	Seeding neural network quantum states with tensor network states
8	2503.20122	no	26	0	32	triangular+Hubbard+Shastry		Deconfined Gapless phases and criticalities in Shastry-Sutherland Antiferromagnet
8	2608.06504	no	18	0	80	pyrochlore+Hubbard		Excitonic Magnetism in Ruthenium Pyrochlores
8	2604.12638	no	24	25	60			Exact tunneling splittings of rotationally excited states from symmetrized path-integral molecular dynamics
8	2509.09189	no	35	0	13	kagome+triangular+pyrochlore		Signatures of field-induced multi-color kagome spin liquids in the dipole-octupole pyrochlore $\mathrm{Ce_2Hf_2O_7}$
7	2506.22414	yes	0	0	58	triangular+Hubbard+Shastry	Phys. Rev. Lett. 135, 236504 (2025)	Spin Seebeck Effect of Triangular-lattice Spin Supersolid
7	2608.10365	no	20	0	42	TFIsing		Symmetrized Block-Product Periodic Marginals in Infinite Translation-Invariant Quantum Chains
7	2507.08073	yes	0	0	9	triangular+Hubbard	Phys. Rev. B 112, L161115 (2025)	Partial suppression of magnetism in the square lattice SU(3) Hubbard model
7	2506.01915	yes	0	0	5	triangular+Hubbard	Phys. Rev. Lett. 137, 040401 (2026)	Magnetic correlations in the $SU(3)$ triangular-lattice $t$-$J$ model at finite doping
7	2608.13238	yes	0	0	14	kagome+triangular+Hubbard	Rep. Prog. Phys. 89 (2026) 080503	Emergent Symmetry-Protected Topological Phases via Polyakov Confinement in Quantum Spin Systems
7	2508.13314	yes	0	0	5	kagome+triangular+Hubbard	Physical Review B 113, 035135 (2026)	Engineering Hubbard models with gated two-dimensional moiré systems
7	2505.18250	yes	0	0	107	kagome+triangular+pyrochlore	Phys. Rev. B 112, 195109 (2025)	Quantum Spin Liquids in Pyrochlore Magnets With Non-Kramers Local Moments
7	2505.15677	yes	1	0	62	triangular+pyrochlore	Phys. Rev. B 112, 144437 (2025)	Coupling quantum spin ice to matter on the centered pyrochlore lattice
7	2505.00767	yes	0	0	25	kagome+triangular+pyrochlore	Phys. Rev. B 112, 165110 (2025)	Anisotropic Spin Ice on a Breathing Pyrochlore Lattice
7	2503.09695	yes	0	0	25	kagome+triangular+pyrochlore+J1J2+Hubbard+Shastry	Phys. Rev. B 111, 214410 Published 4 June, 2025	Modified large-$N$ approach to gapless spin liquids, magnetic orders, and dynamics: Application to triangular lattice antiferromagnets
7	2608.08798	no	12	0	68	TFIsing		Symmetry Constraints Regularize Neural Quantum State Learning
7	2606.13912	no	6	0	55	Hubbard		Low-variance estimators overcome the phase-gradient bottleneck in complex-valued neural quantum states
7	2603.11189	no	3	0	127	J1J2+Hubbard+TFIsing		DysonNet: Constant-Time Local Updates for Neural Quantum States
7	2512.21503	no	4	0	22	kagome+triangular+Hubbard		Thermodynamic-Limit Evidence for Chiral Superconductivity Induced by Doping Chiral Topological Phases
7	2511.13978	yes	0	0	7	kagome+triangular+pyrochlore+J1J2+Shastry	Journal of Magnetism and Magnetic Materials Volume 637, 1 January 2026, 173687	Spin-singlet dimer phase in a frustrated square lattice under a magnetic field
7	2505.06798	no	50	0	18	J1J2		Autoregressive pairwise Graphical Models efficiently find ground state representations of stoquastic Hamiltonians
6	2506.12391	no	0	0	23	kagome+triangular+TFIsing		Simulating the Antiferromagnetic Heisenberg Model on a Spin-Frustrated Kagome Lattice with the Contextual Subspace Variational Quantum Eigensolver
6	2602.18213	yes	0	0	9	triangular+pyrochlore	AIP Advances 16, 025031 (2026)	Machine-learning force-field models for dynamical simulations of metallic magnets
6	2511.19340	yes	0	0	30	TFIsing	Phys. Rev. Research 8, 023311 (2026)	Simulating dynamics of the two-dimensional transverse-field Ising model: a comparative study of large-scale classical numerics
6	2509.02658	no	6	0	97	J1J2		Simultaneous approximation of multiple degenerate states using a single neural network quantum state
6	2508.16720	yes	0	0	3	triangular+Hubbard	Phys. Rev. B 113, 174528, 22 May, 2026	Searching for superconductivity in doped triangular lattice Kitaev magnets
6	2507.10835	no	0	0	90	triangular+pyrochlore+Hubbard+TFIsing		Functional Neural Wavefunction Optimization
6	2609.11745	no	0	0	5	kagome+triangular+Hubbard+Shastry		Unraveling the Kagome Antiferromagnetic $3J$ Model and Its Materials: An Integrated Approach
6	2608.21291	no	0	0	27	kagome+triangular+J1J2+Hubbard+Shastry+TFIsing+square-Heis		Neural quantum states in condensed matter: advances, best practices, and prospects
6	2606.25600	no	0	0	49	kagome+J1J2+TFIsing		Two-dimensional Hyperbolic RNN Neural Quantum State
6	2606.07825	no	0	0	83	pyrochlore+J1J2+Hubbard+TFIsing		Projected Inverse Iteration: An Eigenvalue Approach to Ground-State Computation with Neural Quantum States
6	2605.07685	no	0	0	41	kagome+triangular+J1J2+Hubbard		Ground states of quantum XY dipoles on the Archimedean lattices
6	2607.12925	no	4	0	168	kagome+triangular+pyrochlore+TFIsing		Microscopic Spin-1 Parent Hamiltonians for Emergent Valence-Bond Loop Manifolds
6	2606.16875	no	74	0	25	pyrochlore		Spin-orbit-entangled $J_{\rm eff}=\frac{1}{2}$ magnetism and unconventional spin freezing in the bond-disordered pyrochlore antiferromagnet NaCdCo$_2$F$_7$
6	2603.12313	no	0	0	88	kagome+triangular+pyrochlore+TFIsing		Fracton Spin Liquid and Exotic Frustrated Phases in Ising-like Octochlore Magnets
6	2512.08768	no	0	0	77	kagome+triangular+J1J2		Triangular $J_1$-$J_2$ Heisenberg Antiferromagnet in a Magnetic Field
6	2511.15678	no	0	0	11	kagome+triangular+pyrochlore		Intrinsic quantum disorder in Yb2Ti2O7 and the quantum S=1/2 pyrochlore phase diagram
6	2510.23704	no	0	0	61	kagome+triangular+pyrochlore		Exact nematic and mixed magnetic phases driven by competing orders on the pyrochlore lattice
6	2507.13877	no	0	0	4	triangular+pyrochlore+Shastry		Exact ground state on the 3D analogue of the Shastry-Sutherland model
6	2503.23704	no	4	0	2	kagome+triangular+pyrochlore		Paramagnetic half-moon shaped diffuse scattering arising from 3D magnetic frustration
6	2609.05556	no	0	0	11	kagome+triangular+Hubbard+Shastry+TFIsing+square-Heis		Kibble-Zurek Dynamics in Two-dimensional Frustrated Systems with a Neural Foundation-state Subspace Method
6	2603.18148	no	0	0	67	triangular+Hubbard+tV+TFIsing		Removing nodal and support-mismatch pathologies in Variational Monte Carlo via blurred sampling
6	2508.01072	no	0	0	32	pyrochlore+Hubbard+TFIsing		Biorthogonal Neural Network Approach to Two-Dimensional Non-Hermitian Systems
5	2506.01891	no	0	0	27	J1J2+TFIsing		Probing Quantum Spin Systems with Kolmogorov-Arnold Neural Network Quantum States
5	2607.18865	no	4	0	38	J1J2		Enhanced Neural Quantum State via Annealed Gradient Descent
5	2606.02794	no	0	0	8	kagome+triangular+J1J2+Hubbard+Shastry		Scaling Laws for Neural-Network Quantum States
5	2605.30944	yes	0	0	37		Physics Letters B 881 (2026) 140911	Neural-network excited states of $A=4$ nuclei and hypernuclei
5	2607.02292	no	0	0	106	J1J2+TFIsing		One More Time: Revisiting Neural Quantum States from a Reinforcement Learning Perspective
5	2507.05061	yes	0	0	0	kagome+triangular+pyrochlore	Phys. Rev. B (Letter), 113, L100404 (2026)	Spin liquid state in a three-dimensional pyrochlore-like frustrated magnet
5	2501.08327	yes	0	0	13	pyrochlore	Physical Review Letters 135, 086702 (2025)	Two-Peak Heat Capacity Accounts for $R\ln(2)$ Entropy and Ground State Access in the Dipole-Octupole Pyrochlore Ce$_2$Hf$_2$O$_7$
5	2609.06672	no	0	0	25	J1J2+TFIsing		Efficient Representation of multicategorical local Hilbert spaces: nonlinear Restricted Boltzmann Machines to Kolmogorov-Arnold Networks
5	2608.02753	no	0	0	24	triangular+Hubbard		Large scale neural quantum states reveal the interplay between superconductivity and quantum criticality in the Hofstadter-Hubbard model
5	2607.22522	no	0	0	86	triangular+J1J2+Hubbard		Exact Neural-Network Representations of the Motzkin States
5	2607.14875	no	0	0	46	triangular+Hubbard		Optimization dynamics of Transformer backflow neural quantum states for the two-dimensional Hubbard model
5	2606.22644	no	0	0	30	J1J2+Shastry		Neural Polaron: Learning Quasiparticle Operators in Quantum Many-Body Systems
5	2606.05293	no	0	0	20	Hubbard+Shastry+TFIsing		Thermalization Dynamics in the Two-Dimensional Hubbard Model with Neural-Network Quantum States
5	2604.18357	no	0	0	149	Hubbard+TFIsing		Momentum Stability and Adaptive Control in Stochastic Reconfiguration
5	2604.15768	no	0	0	8	triangular+J1J2		A Fully GPU-Accelerated Framework for High-Performance Configuration Interaction Selection with Neural Network Quantum States
5	2603.28871	no	0	0	16	triangular+pyrochlore+Hubbard		Fractionalization from Kinetic Frustration in Doped Two-Dimensional SU(4) Quantum Magnets
5	2509.20199	no	0	0	18	kagome+triangular+pyrochlore+J1J2		Random singlet physics in the $S = \frac{1}{2}$ pyrochlore antiferromagnet NaCdCu$_2$F$_7$
4	2605.28861	no	0	0	3	kagome		Comment on "Spin-1/2 Kagome Heisenberg Antiferromagnet: Machine Learning Discovery of the Spinon Pair-Density-Wave Ground State"
4	2608.15806	no	0	0	7	TFIsing		Longitudinal-Field-Driven Transition in a non-integrable Non-Hermitian Transverse-Field Ising Chain via RBMs
4	2608.14476	no	0	0	104	tV		A Fixed Universal Determinant is Variationally Complete for Continuum Fermions
4	2605.07779	no	0	0	96	Hubbard		Neural network quantum states in the grand canonical ensemble
4	2512.08624	no	0	0	58	Hubbard		Operator Lanczos Approach enabling Neural Quantum States as Real-Frequency Impurity Solvers
4	2608.22925	no	0	0	17	Hubbard		Importance-Reweighted Fock-Space Variational Monte Carlo
4	2609.07645	no	0	0	45	Hubbard+TFIsing		Geometric inflation of deviations challenges neural quantum states in dynamics of quantum Ising models
4	2607.20623	no	0	0	183	Hubbard+tV		Learning the closest Slater determinant
4	2606.26760	no	2	0	7			An Iterative Dual-Channel Neural Quantum State Algorithm for Selected Configuration Interaction
4	2606.14352	no	0	0	29	Hubbard		Modeling light-matter coupled systems with neural quantum states
4	2605.28599	no	0	0	35	TFIsing		Thermodynamic-limit dispersion relations on trapped-ion quantum hardware
4	2605.21585	no	0	0	15	Hubbard		Robust fluctuating intertwined charge stripes in the Emery model
4	2605.15899	no	0	0	89	TFIsing		Solving Classical and Quantum Spin Glasses with Deep Boltzmann Quantum States
4	2604.05032	no	0	0	16	TFIsing		Real-time Dynamics in 3D for up to 1000 Qubits with Neural Quantum States: Quenches and the Quantum Kibble--Zurek Mechanism
4	2603.23887	no	0	0	41	TFIsing		Predicting quantum ground-state energy by data-driven Koopman analysis of variational parameter nonlinear dynamics
4	2603.14775	no	0	0	7	Hubbard		Neural network backflow for ab-initio solid calculations
4	2601.15169	no	0	0	11	Hubbard		Assessing Orbital Optimization in Variational and Diffusion Monte Carlo
4	2511.20388	no	0	0	17	Hubbard+TFIsing		Resource assessment of classical and quantum hardware for post-quench dynamics
4	2509.12431	no	0	0	29	Hubbard		Neural-Quantum-States Impurity Solver for Quantum Embedding Problems
4	2607.22863	no	0	0	110	TFIsing		Universal scaling framework for parameterized quantum evolutions at criticality
4	2607.12274	no	4	0	19	pyrochlore		Zero-Field Long Range Order at $T \sim 40$ mK in the Proximate Quantum Spin Ice Ce$_2$Sn$_2$O$_7$ and Phase Diagram for Magnetic Fields Along [1,1,0]
4	2603.28486	no	0	0	8	TFIsing		Emergent-Coupling-Based Ansatz Evaluated on a Superconducting Quantum Processor
4	2602.07522	yes	0	0	3		Entropy 2026, 28(3), 296	Systematic Characterization of Transmon Qubit Stability with Thermal Cycling
4	2602.05901	no	1	0	2	triangular		Spontaneous Parity Breaking in Quantum Antiferromagnets on the Triangular Lattice
4	2512.06768	no	0	0	33	Hubbard+Shastry		Real-Time Dynamics in Two Dimensions with Tensor Network States via Time-Dependent Variational Monte Carlo
4	2608.18168	no	0	0	10	tV+TFIsing		Embedding Paired Free-Fermion Gaussian States into Gutzwiller-Projected Bardeen--Cooper--Schrieffer Wave Functions
4	2511.13827	no	0	0	47	TFIsing		Optimizing two-dimensional isometric tensor networks with quantum computers
4	2511.13667	no	0	0	18	tV+TFIsing		Quantum complexity across thermal phase transition in the transverse field Ising chain with long-range couplings
4	2502.04866	no	0	0	54	Hubbard+tV		Crossover from Wannier-Stark localization to charge density waves for interacting spinless fermions in one dimension
3	2609.08453	no	0	0	23			The Forgotten History of Wave Function Variance Optimization and its Relevance for Neural-Network VMC
3	2609.02929	no	0	0	42			Scaling Neural Network Quantum States for Ab Initio Quantum Chemistry
3	2608.02727	no	0	0	1	triangular+Hubbard		Spin-charge separation in the triangular-lattice Hofstadter-Hubbard model
3	2608.00178	no	0	0	16			Neural Quantum States for Nuclear Magnetic Resonance Spectroscopy
3	2606.18339	no	0	0	18			Ground state preparation of random all-to-all Hamiltonians using ADAPT-VQE
3	2603.08081	no	0	0	13	TFIsing		Simulating non-Markovian open quantum dynamics by exploiting physics-informed neural network
3	2506.04401	no	0	0	28	Hubbard		Normalize Filters! Classical Wisdom for Deep Vision
3	2605.24119	no	0	0	0	kagome+triangular+pyrochlore		Signature of spin liquid state in a frustrated 3D antiferromagnet
3	2604.03737	no	0	0	1	kagome+triangular+pyrochlore		Cascade of Spin Liquids in a Bilayer Triangular-lattice Antiferromagnet Rb_2Co_2(SeO_3)_3
3	2505.13352	no	0	0	5	pyrochlore		Enhanced-Entropy Phases in Geometrically Frustrated Pyrochlore Magnets
3	2505.09762	no	0	0	0	kagome+pyrochlore+Hubbard		Unconventional polaronic ground state in superconducting LiTi$_2$O$_4$
3	2601.06939	no	0	0	13			Essentially No Energy Barrier Between Independent Fermionic Neural Quantum State Minima
3	2512.05749	no	0	0	52			Stochastic Reconfiguration with Warm-Started SVD
3	2509.12679	no	0	0	37			Large Language Model Scaling Laws for Neural Quantum States in Quantum Chemistry
3	2511.12966	no	2	0	4			Beyond Citations: A Cross-Domain Metric for Dataset Impact and Shareability
3	2508.18683	no	0	0	7	triangular		Graph Traversal via Connected Mobile Agents
3	2505.02900	no	0	0	33	TFIsing		Probing mixed-state phases on a quantum computer via Renyi correlators and variational decoding
2	2604.06741	no	0	0	143			Projector, Neural, and Tensor-Network Representations of $\mathbb{Z}_N$ Cluster and Dipolar-cluster SPT States
2	2509.24865	no	0	0	4			Quantum Dynamics with Time-Dependent Neural Quantum States
2	2605.06327	no	0	0	8			Measuring Evaluation-Context Divergence in Open-Weight LLMs: A Paired-Prompt Protocol with Pilot Evidence of Alignment-Pipeline-Specific Heterogeneity
2	2603.06306	no	0	0	5			Spin-Orbit Induced Non-Adiabatic Dynamics: An Exact $Ω$-Representation
2	2506.08908	no	0	0	10			SkipVAR: Accelerating Visual Autoregressive Modeling via Adaptive Frequency-Aware Skipping
2	2604.14733	no	0	0	13			Differentiable Object Pose Connectivity Metrics for Regrasp Sequence Optimization
0	2606.11531	no	0	0	0			Measuring language complexity from hierarchical reuse of recurring patterns
-1	2602.06387	yes	0	0	0		Physical Review B 113, 064401 (2026)	Fermionic Approach to Elementary Excitations and Magnetization Plateaus in an S=1/2 XX Hybrid Trimer-Dimer Chain
-1	2501.15350	yes	0	0	0		Journal of the American Chemical Society 147, 5693-5702 (2025)	Pyrochlore NaYbO2: A potential Quantum Spin Liquid Candidate
-1	2602.21468	no	0	0	0			Unsupervised Discovery of Intermediate Phase Order in the Frustrated $J_1$-$J_2$ Heisenberg Model via Prometheus Framework
